{
  "type": "FeatureCollection",
  "features": [
    {
      "type": "Feature",
      "properties": {
        "name": "Frankrijk",
        "name_nl": "Frankrijk",
        "name_en": "France",
        "type": "country"
      },
      "geometry": {
        "type": "MultiPolygon",
        "coordinates": [
          [
            [
              [
                6.19,
                49.46
              ],
              [
                6.66,
                49.2
              ],
              [
                8.1,
                49.02
              ],
              [
                7.59,
                48.33
              ],
              [
                7.47,
                47.62
              ],
              [
                7.19,
                47.45
              ],
              [
                6.74,
                47.54
              ],
              [
                6.77,
                47.29
              ],
              [
                6.04,
                46.73
              ],
              [
                6.02,
                46.27
              ],
              [
                6.5,
                46.43
              ],
              [
                6.84,
                45.99
              ],
              [
                6.8,
                45.71
              ],
              [
                7.1,
                45.33
              ],
              [
                6.75,
                45.03
              ],
              [
                7.01,
                44.25
              ],
              [
                7.55,
                44.13
              ],
              [
                7.44,
                43.69
              ],
              [
                6.53,
                43.13
              ],
              [
                4.56,
                43.4
              ],
              [
                3.1,
                43.08
              ],
              [
                2.99,
                42.47
              ],
              [
                1.83,
                42.34
              ],
              [
                0.7,
                42.8
              ],
              [
                0.34,
                42.58
              ],
              [
                -1.5,
                43.03
              ],
              [
                -1.9,
                43.42
              ],
              [
                -1.38,
                44.02
              ],
              [
                -1.19,
                46.01
              ],
              [
                -2.23,
                47.06
              ],
              [
                -2.96,
                47.57
              ],
              [
                -4.49,
                47.95
              ],
              [
                -4.59,
                48.68
              ],
              [
                -3.3,
                48.9
              ],
              [
                -1.62,
                48.64
              ],
              [
                -1.93,
                49.78
              ],
              [
                -0.99,
                49.35
              ],
              [
                1.34,
                50.13
              ],
              [
                1.64,
                50.95
              ],
              [
                2.51,
                51.15
              ],
              [
                2.66,
                50.8
              ],
              [
                3.12,
                50.78
              ],
              [
                3.59,
                50.38
              ],
              [
                4.29,
                49.91
              ],
              [
                4.8,
                49.99
              ],
              [
                5.67,
                49.53
              ],
              [
                5.9,
                49.44
              ],
              [
                6.19,
                49.46
              ]
            ]
          ],
          [
            [
              [
                8.75,
                42.63
              ],
              [
                9.39,
                43.01
              ],
              [
                9.56,
                42.15
              ],
              [
                9.23,
                41.38
              ],
              [
                8.78,
                41.58
              ],
              [
                8.54,
                42.26
              ],
              [
                8.75,
                42.63
              ]
            ]
          ]
        ]
      }
    },
    {
      "type": "Feature",
      "properties": {
        "name": "Oekraïne",
        "name_nl": "Oekraïne",
        "name_en": "Ukraine",
        "type": "country"
      },
      "geometry": {
        "type": "Polygon",
        "coordinates": [
          [
            [
              31.79,
              52.1
            ],
            [
              32.16,
              52.06
            ],
            [
              32.41,
              52.29
            ],
            [
              32.72,
              52.24
            ],
            [
              33.75,
              52.34
            ],
            [
              34.39,
              51.77
            ],
            [
              34.14,
              51.57
            ],
            [
              34.22,
              51.26
            ],
            [
              35.02,
              51.21
            ],
            [
              35.38,
              50.77
            ],
            [
              35.36,
              50.58
            ],
            [
              36.63,
              50.23
            ],
            [
              37.39,
              50.38
            ],
            [
              38.01,
              49.92
            ],
            [
              38.59,
              49.93
            ],
            [
              40.07,
              49.6
            ],
            [
              40.08,
              49.31
            ],
            [
              39.67,
              48.78
            ],
            [
              39.9,
              48.23
            ],
            [
              39.74,
              47.9
            ],
            [
              38.77,
              47.83
            ],
            [
              38.26,
              47.55
            ],
            [
              38.22,
              47.1
            ],
            [
              37.43,
              47.02
            ],
            [
              36.76,
              46.7
            ],
            [
              35.82,
              46.65
            ],
            [
              34.96,
              46.27
            ],
            [
              35.01,
              45.74
            ],
            [
              34.86,
              45.77
            ],
            [
              34.73,
              45.97
            ],
            [
              34.41,
              46.01
            ],
            [
              33.7,
              46.22
            ],
            [
              33.44,
              45.97
            ],
            [
              33.3,
              46.08
            ],
            [
              31.74,
              46.33
            ],
            [
              31.68,
              46.71
            ],
            [
              30.75,
              46.58
            ],
            [
              30.38,
              46.03
            ],
            [
              29.6,
              45.29
            ],
            [
              29.15,
              45.46
            ],
            [
              28.68,
              45.3
            ],
            [
              28.23,
              45.49
            ],
            [
              28.49,
              45.6
            ],
            [
              28.66,
              45.94
            ],
            [
              28.93,
              46.26
            ],
            [
              28.86,
              46.44
            ],
            [
              29.07,
              46.52
            ],
            [
              29.17,
              46.38
            ],
            [
              29.76,
              46.35
            ],
            [
              30.02,
              46.42
            ],
            [
              29.84,
              46.53
            ],
            [
              29.91,
              46.67
            ],
            [
              29.56,
              46.93
            ],
            [
              29.42,
              47.35
            ],
            [
              29.05,
              47.51
            ],
            [
              29.12,
              47.85
            ],
            [
              28.67,
              48.12
            ],
            [
              28.26,
              48.16
            ],
            [
              27.52,
              48.47
            ],
            [
              26.86,
              48.37
            ],
            [
              26.62,
              48.22
            ],
            [
              26.2,
              48.22
            ],
            [
              25.95,
              47.99
            ],
            [
              25.21,
              47.89
            ],
            [
              24.87,
              47.74
            ],
            [
              24.4,
              47.98
            ],
            [
              23.76,
              47.99
            ],
            [
              23.14,
              48.1
            ],
            [
              22.71,
              47.88
            ],
            [
              22.64,
              48.15
            ],
            [
              22.09,
              48.42
            ],
            [
              22.28,
              48.83
            ],
            [
              22.56,
              49.09
            ],
            [
              22.78,
              49.03
            ],
            [
              22.52,
              49.48
            ],
            [
              23.43,
              50.31
            ],
            [
              23.92,
              50.42
            ],
            [
              24.03,
              50.71
            ],
            [
              23.53,
              51.58
            ],
            [
              24.01,
              51.62
            ],
            [
              24.55,
              51.89
            ],
            [
              25.33,
              51.91
            ],
            [
              26.34,
              51.83
            ],
            [
              27.45,
              51.59
            ],
            [
              28.24,
              51.57
            ],
            [
              28.62,
              51.43
            ],
            [
              28.99,
              51.6
            ],
            [
              29.25,
              51.37
            ],
            [
              30.16,
              51.42
            ],
            [
              30.56,
              51.32
            ],
            [
              30.62,
              51.82
            ],
            [
              30.93,
              52.04
            ],
            [
              31.79,
              52.1
            ]
          ]
        ]
      }
    },
    {
      "type": "Feature",
      "properties": {
        "name": "Wit-Rusland",
        "name_nl": "Wit-Rusland",
        "name_en": "Belarus",
        "type": "country"
      },
      "geometry": {
        "type": "Polygon",
        "coordinates": [
          [
            [
              28.18,
              56.17
            ],
            [
              29.23,
              55.92
            ],
            [
              29.37,
              55.67
            ],
            [
              29.9,
              55.79
            ],
            [
              30.87,
              55.55
            ],
            [
              30.97,
              55.08
            ],
            [
              30.76,
              54.81
            ],
            [
              31.38,
              54.16
            ],
            [
              31.79,
              53.97
            ],
            [
              31.73,
              53.79
            ],
            [
              32.41,
              53.62
            ],
            [
              32.69,
              53.35
            ],
            [
              32.3,
              53.13
            ],
            [
              31.5,
              53.17
            ],
            [
              31.31,
              53.07
            ],
            [
              31.54,
              52.74
            ],
            [
              31.79,
              52.1
            ],
            [
              31.79,
              52.1
            ],
            [
              30.93,
              52.04
            ],
            [
              30.62,
              51.82
            ],
            [
              30.56,
              51.32
            ],
            [
              30.16,
              51.42
            ],
            [
              29.25,
              51.37
            ],
            [
              28.99,
              51.6
            ],
            [
              28.62,
              51.43
            ],
            [
              28.24,
              51.57
            ],
            [
              27.45,
              51.59
            ],
            [
              26.34,
              51.83
            ],
            [
              25.33,
              51.91
            ],
            [
              24.55,
              51.89
            ],
            [
              24.01,
              51.62
            ],
            [
              23.53,
              51.58
            ],
            [
              23.51,
              52.02
            ],
            [
              23.2,
              52.49
            ],
            [
              23.8,
              52.69
            ],
            [
              23.8,
              53.09
            ],
            [
              23.53,
              53.47
            ],
            [
              23.48,
              53.91
            ],
            [
              24.45,
              53.91
            ],
            [
              25.54,
              54.28
            ],
            [
              25.77,
              54.85
            ],
            [
              26.59,
              55.17
            ],
            [
              26.49,
              55.62
            ],
            [
              27.1,
              55.78
            ],
            [
              28.18,
              56.17
            ]
          ]
        ]
      }
    },
    {
      "type": "Feature",
      "properties": {
        "name": "Litouwen",
        "name_nl": "Litouwen",
        "name_en": "Lithuania",
        "type": "country"
      },
      "geometry": {
        "type": "Polygon",
        "coordinates": [
          [
            [
              26.49,
              55.62
            ],
            [
              26.59,
              55.17
            ],
            [
              25.77,
              54.85
            ],
            [
              25.54,
              54.28
            ],
            [
              24.45,
              53.91
            ],
            [
              23.48,
              53.91
            ],
            [
              23.24,
              54.22
            ],
            [
              22.73,
              54.33
            ],
            [
              22.65,
              54.58
            ],
            [
              22.76,
              54.86
            ],
            [
              22.32,
              55.02
            ],
            [
              21.27,
              55.19
            ],
            [
              21.06,
              56.03
            ],
            [
              22.2,
              56.34
            ],
            [
              23.88,
              56.27
            ],
            [
              24.86,
              56.37
            ],
            [
              25.0,
              56.16
            ],
            [
              25.53,
              56.1
            ],
            [
              26.49,
              55.62
            ]
          ]
        ]
      }
    },
    {
      "type": "Feature",
      "properties": {
        "name": "Rusland",
        "name_nl": "Rusland",
        "name_en": "Russia",
        "type": "country"
      },
      "geometry": {
        "type": "MultiPolygon",
        "coordinates": [
          [
            [
              [
                49.1,
                46.4
              ],
              [
                48.65,
                45.81
              ],
              [
                47.68,
                45.64
              ],
              [
                46.68,
                44.61
              ],
              [
                47.59,
                43.66
              ],
              [
                47.49,
                42.99
              ],
              [
                48.58,
                41.81
              ],
              [
                48.58,
                41.81
              ],
              [
                47.99,
                41.41
              ],
              [
                47.82,
                41.15
              ],
              [
                47.37,
                41.22
              ],
              [
                46.69,
                41.83
              ],
              [
                46.4,
                41.86
              ],
              [
                45.78,
                42.09
              ],
              [
                45.47,
                42.5
              ],
              [
                44.54,
                42.71
              ],
              [
                43.93,
                42.55
              ],
              [
                43.76,
                42.74
              ],
              [
                42.39,
                43.22
              ],
              [
                40.92,
                43.38
              ],
              [
                40.08,
                43.55
              ],
              [
                39.96,
                43.43
              ],
              [
                38.68,
                44.28
              ],
              [
                37.54,
                44.66
              ],
              [
                36.68,
                45.24
              ],
              [
                37.4,
                45.4
              ],
              [
                38.23,
                46.24
              ],
              [
                37.67,
                46.64
              ],
              [
                39.15,
                47.04
              ],
              [
                39.12,
                47.26
              ],
              [
                38.22,
                47.1
              ],
              [
                38.26,
                47.55
              ],
              [
                38.77,
                47.83
              ],
              [
                39.74,
                47.9
              ],
              [
                39.9,
                48.23
              ],
              [
                39.67,
                48.78
              ],
              [
                40.08,
                49.31
              ],
              [
                40.07,
                49.6
              ],
              [
                38.59,
                49.93
              ],
              [
                38.01,
                49.92
              ],
              [
                37.39,
                50.38
              ],
              [
                36.63,
                50.23
              ],
              [
                35.36,
                50.58
              ],
              [
                35.38,
                50.77
              ],
              [
                35.02,
                51.21
              ],
              [
                34.22,
                51.26
              ],
              [
                34.14,
                51.57
              ],
              [
                34.39,
                51.77
              ],
              [
                33.75,
                52.34
              ],
              [
                32.72,
                52.24
              ],
              [
                32.41,
                52.29
              ],
              [
                32.16,
                52.06
              ],
              [
                31.79,
                52.1
              ],
              [
                31.79,
                52.1
              ],
              [
                31.54,
                52.74
              ],
              [
                31.31,
                53.07
              ],
              [
                31.5,
                53.17
              ],
              [
                32.3,
                53.13
              ],
              [
                32.69,
                53.35
              ],
              [
                32.41,
                53.62
              ],
              [
                31.73,
                53.79
              ],
              [
                31.79,
                53.97
              ],
              [
                31.38,
                54.16
              ],
              [
                30.76,
                54.81
              ],
              [
                30.97,
                55.08
              ],
              [
                30.87,
                55.55
              ],
              [
                29.9,
                55.79
              ],
              [
                29.37,
                55.67
              ],
              [
                29.23,
                55.92
              ],
              [
                28.18,
                56.17
              ],
              [
                27.86,
                56.76
              ],
              [
                27.77,
                57.24
              ],
              [
                27.29,
                57.47
              ],
              [
                27.72,
                57.79
              ],
              [
                27.42,
                58.72
              ],
              [
                28.13,
                59.3
              ],
              [
                27.98,
                59.48
              ],
              [
                27.98,
                59.48
              ],
              [
                29.12,
                60.03
              ],
              [
                28.07,
                60.5
              ],
              [
                28.07,
                60.5
              ],
              [
                30.21,
                61.78
              ],
              [
                31.14,
                62.36
              ],
              [
                31.52,
                62.87
              ],
              [
                30.04,
                63.55
              ],
              [
                30.44,
                64.2
              ],
              [
                29.54,
                64.95
              ],
              [
                30.22,
                65.81
              ],
              [
                29.05,
                66.94
              ],
              [
                29.98,
                67.7
              ],
              [
                28.45,
                68.36
              ],
              [
                28.59,
                69.06
              ],
              [
                29.4,
                69.16
              ],
              [
                31.1,
                69.56
              ],
              [
                31.1,
                69.56
              ],
              [
                32.13,
                69.91
              ],
              [
                33.78,
                69.3
              ],
              [
                36.51,
                69.06
              ],
              [
                40.29,
                67.93
              ],
              [
                41.06,
                67.46
              ],
              [
                41.13,
                66.79
              ],
              [
                40.02,
                66.27
              ],
              [
                38.38,
                66.0
              ],
              [
                33.92,
                66.76
              ],
              [
                33.18,
                66.63
              ],
              [
                34.81,
                65.9
              ],
              [
                34.88,
                65.44
              ],
              [
                34.94,
                64.41
              ],
              [
                36.23,
                64.11
              ],
              [
                37.01,
                63.85
              ],
              [
                37.14,
                64.33
              ],
              [
                36.54,
                64.76
              ],
              [
                37.18,
                65.14
              ],
              [
                39.59,
                64.52
              ],
              [
                40.44,
                64.76
              ],
              [
                39.76,
                65.5
              ],
              [
                42.09,
                66.48
              ],
              [
                43.02,
                66.42
              ],
              [
                43.95,
                66.07
              ],
              [
                44.53,
                66.76
              ],
              [
                43.7,
                67.35
              ],
              [
                44.19,
                67.95
              ],
              [
                43.45,
                68.57
              ],
              [
                46.25,
                68.25
              ],
              [
                46.82,
                67.69
              ],
              [
                45.56,
                67.57
              ],
              [
                45.56,
                67.01
              ],
              [
                46.35,
                66.67
              ],
              [
                47.89,
                66.88
              ],
              [
                48.14,
                67.52
              ],
              [
                50.23,
                68.0
              ],
              [
                53.72,
                68.86
              ],
              [
                54.47,
                68.81
              ],
              [
                53.49,
                68.2
              ],
              [
                54.73,
                68.1
              ],
              [
                55.44,
                68.44
              ],
              [
                57.32,
                68.47
              ],
              [
                58.8,
                68.88
              ],
              [
                59.94,
                68.28
              ],
              [
                60.0,
                68.0
              ],
              [
                59.0,
                62.0
              ],
              [
                58.0,
                56.0
              ],
              [
                59.93,
                50.84
              ],
              [
                59.64,
                50.55
              ],
              [
                58.36,
                51.06
              ],
              [
                56.78,
                51.04
              ],
              [
                55.72,
                50.62
              ],
              [
                54.53,
                51.03
              ],
              [
                52.33,
                51.72
              ],
              [
                50.77,
                51.69
              ],
              [
                48.7,
                50.61
              ],
              [
                48.58,
                49.87
              ],
              [
                47.55,
                50.45
              ],
              [
                46.75,
                49.36
              ],
              [
                47.04,
                49.15
              ],
              [
                46.47,
                48.39
              ],
              [
                47.32,
                47.72
              ],
              [
                48.06,
                47.74
              ],
              [
                48.69,
                47.08
              ],
              [
                48.59,
                46.56
              ],
              [
                49.1,
                46.4
              ]
            ]
          ]
        ]
      }
    },
    {
      "type": "Feature",
      "properties": {
        "name": "Tsjechië",
        "name_nl": "Tsjechië",
        "name_en": "Czechia",
        "type": "country"
      },
      "geometry": {
        "type": "Polygon",
        "coordinates": [
          [
            [
              15.02,
              51.11
            ],
            [
              15.49,
              50.78
            ],
            [
              16.24,
              50.7
            ],
            [
              16.18,
              50.42
            ],
            [
              16.72,
              50.22
            ],
            [
              16.87,
              50.47
            ],
            [
              17.55,
              50.36
            ],
            [
              17.65,
              50.05
            ],
            [
              18.39,
              49.99
            ],
            [
              18.85,
              49.5
            ],
            [
              18.55,
              49.5
            ],
            [
              18.4,
              49.32
            ],
            [
              18.17,
              49.27
            ],
            [
              18.1,
              49.04
            ],
            [
              17.91,
              49.0
            ],
            [
              17.89,
              48.9
            ],
            [
              17.55,
              48.8
            ],
            [
              17.1,
              48.82
            ],
            [
              16.96,
              48.6
            ],
            [
              16.5,
              48.79
            ],
            [
              16.03,
              48.73
            ],
            [
              15.25,
              49.04
            ],
            [
              14.9,
              48.96
            ],
            [
              14.34,
              48.56
            ],
            [
              13.6,
              48.88
            ],
            [
              13.03,
              49.31
            ],
            [
              12.52,
              49.55
            ],
            [
              12.42,
              49.97
            ],
            [
              12.24,
              50.27
            ],
            [
              12.97,
              50.48
            ],
            [
              13.34,
              50.73
            ],
            [
              14.06,
              50.93
            ],
            [
              14.31,
              51.12
            ],
            [
              14.57,
              51.0
            ],
            [
              15.02,
              51.11
            ]
          ]
        ]
      }
    },
    {
      "type": "Feature",
      "properties": {
        "name": "Duitsland",
        "name_nl": "Duitsland",
        "name_en": "Germany",
        "type": "country"
      },
      "geometry": {
        "type": "Polygon",
        "coordinates": [
          [
            [
              14.12,
              53.76
            ],
            [
              14.35,
              53.25
            ],
            [
              14.07,
              52.98
            ],
            [
              14.44,
              52.62
            ],
            [
              14.69,
              52.09
            ],
            [
              14.61,
              51.75
            ],
            [
              15.02,
              51.11
            ],
            [
              14.57,
              51.0
            ],
            [
              14.31,
              51.12
            ],
            [
              14.06,
              50.93
            ],
            [
              13.34,
              50.73
            ],
            [
              12.97,
              50.48
            ],
            [
              12.24,
              50.27
            ],
            [
              12.42,
              49.97
            ],
            [
              12.52,
              49.55
            ],
            [
              13.03,
              49.31
            ],
            [
              13.6,
              48.88
            ],
            [
              13.24,
              48.42
            ],
            [
              12.88,
              48.29
            ],
            [
              13.03,
              47.64
            ],
            [
              12.93,
              47.47
            ],
            [
              12.62,
              47.67
            ],
            [
              12.14,
              47.7
            ],
            [
              11.43,
              47.52
            ],
            [
              10.54,
              47.57
            ],
            [
              10.4,
              47.3
            ],
            [
              9.9,
              47.58
            ],
            [
              9.59,
              47.53
            ],
            [
              8.52,
              47.83
            ],
            [
              8.32,
              47.61
            ],
            [
              7.47,
              47.62
            ],
            [
              7.59,
              48.33
            ],
            [
              8.1,
              49.02
            ],
            [
              6.66,
              49.2
            ],
            [
              6.19,
              49.46
            ],
            [
              6.24,
              49.9
            ],
            [
              6.04,
              50.13
            ],
            [
              6.16,
              50.8
            ],
            [
              5.99,
              51.85
            ],
            [
              6.59,
              51.85
            ],
            [
              6.84,
              52.23
            ],
            [
              7.09,
              53.14
            ],
            [
              6.91,
              53.48
            ],
            [
              7.1,
              53.69
            ],
            [
              7.94,
              53.75
            ],
            [
              8.12,
              53.53
            ],
            [
              8.8,
              54.02
            ],
            [
              8.57,
              54.4
            ],
            [
              8.53,
              54.96
            ],
            [
              9.28,
              54.83
            ],
            [
              9.92,
              54.98
            ],
            [
              9.94,
              54.6
            ],
            [
              10.95,
              54.36
            ],
            [
              10.94,
              54.01
            ],
            [
              11.96,
              54.2
            ],
            [
              12.52,
              54.47
            ],
            [
              13.65,
              54.08
            ],
            [
              14.12,
              53.76
            ]
          ]
        ]
      }
    },
    {
      "type": "Feature",
      "properties": {
        "name": "Estland",
        "name_nl": "Estland",
        "name_en": "Estonia",
        "type": "country"
      },
      "geometry": {
        "type": "Polygon",
        "coordinates": [
          [
            [
              27.98,
              59.48
            ],
            [
              27.98,
              59.48
            ],
            [
              28.13,
              59.3
            ],
            [
              27.42,
              58.72
            ],
            [
              27.72,
              57.79
            ],
            [
              27.29,
              57.47
            ],
            [
              26.46,
              57.48
            ],
            [
              25.6,
              57.85
            ],
            [
              25.16,
              57.97
            ],
            [
              24.31,
              57.79
            ],
            [
              24.43,
              58.38
            ],
            [
              24.06,
              58.26
            ],
            [
              23.43,
              58.61
            ],
            [
              23.34,
              59.19
            ],
            [
              24.6,
              59.47
            ],
            [
              25.86,
              59.61
            ],
            [
              26.95,
              59.45
            ],
            [
              27.98,
              59.48
            ],
            [
              27.98,
              59.48
            ]
          ]
        ]
      }
    },
    {
      "type": "Feature",
      "properties": {
        "name": "Letland",
        "name_nl": "Letland",
        "name_en": "Latvia",
        "type": "country"
      },
      "geometry": {
        "type": "Polygon",
        "coordinates": [
          [
            [
              27.29,
              57.47
            ],
            [
              27.77,
              57.24
            ],
            [
              27.86,
              56.76
            ],
            [
              28.18,
              56.17
            ],
            [
              27.1,
              55.78
            ],
            [
              26.49,
              55.62
            ],
            [
              25.53,
              56.1
            ],
            [
              25.0,
              56.16
            ],
            [
              24.86,
              56.37
            ],
            [
              23.88,
              56.27
            ],
            [
              22.2,
              56.34
            ],
            [
              21.06,
              56.03
            ],
            [
              21.09,
              56.78
            ],
            [
              21.58,
              57.41
            ],
            [
              22.52,
              57.75
            ],
            [
              23.32,
              57.01
            ],
            [
              24.12,
              57.03
            ],
            [
              24.31,
              57.79
            ],
            [
              25.16,
              57.97
            ],
            [
              25.6,
              57.85
            ],
            [
              26.46,
              57.48
            ],
            [
              27.29,
              57.47
            ]
          ]
        ]
      }
    },
    {
      "type": "Feature",
      "properties": {
        "name": "Noorwegen",
        "name_nl": "Noorwegen",
        "name_en": "Norway",
        "type": "country"
      },
      "geometry": {
        "type": "MultiPolygon",
        "coordinates": [
          [
            [
              [
                31.1,
                69.56
              ],
              [
                29.4,
                69.16
              ],
              [
                28.59,
                69.06
              ],
              [
                29.02,
                69.77
              ],
              [
                27.73,
                70.16
              ],
              [
                26.18,
                69.83
              ],
              [
                25.69,
                69.09
              ],
              [
                24.74,
                68.65
              ],
              [
                23.66,
                68.89
              ],
              [
                22.36,
                68.84
              ],
              [
                21.24,
                69.37
              ],
              [
                20.65,
                69.11
              ],
              [
                20.03,
                69.07
              ],
              [
                19.88,
                68.41
              ],
              [
                17.99,
                68.57
              ],
              [
                17.73,
                68.01
              ],
              [
                16.77,
                68.01
              ],
              [
                16.11,
                67.3
              ],
              [
                15.11,
                66.19
              ],
              [
                13.56,
                64.79
              ],
              [
                13.92,
                64.45
              ],
              [
                13.57,
                64.05
              ],
              [
                12.58,
                64.07
              ],
              [
                11.93,
                63.13
              ],
              [
                11.99,
                61.8
              ],
              [
                12.63,
                61.29
              ],
              [
                12.3,
                60.12
              ],
              [
                11.47,
                59.43
              ],
              [
                11.03,
                58.86
              ],
              [
                10.36,
                59.47
              ],
              [
                8.38,
                58.31
              ],
              [
                7.05,
                58.08
              ],
              [
                5.67,
                58.59
              ],
              [
                5.31,
                59.66
              ],
              [
                4.99,
                61.97
              ],
              [
                5.91,
                62.61
              ],
              [
                8.55,
                63.45
              ],
              [
                10.53,
                64.49
              ],
              [
                12.36,
                65.88
              ],
              [
                14.76,
                67.81
              ],
              [
                16.44,
                68.56
              ],
              [
                19.18,
                69.82
              ],
              [
                21.38,
                70.26
              ],
              [
                23.02,
                70.2
              ],
              [
                24.55,
                71.03
              ],
              [
                26.37,
                70.99
              ],
              [
                28.17,
                71.19
              ],
              [
                31.29,
                70.45
              ],
              [
                30.01,
                70.19
              ],
              [
                31.1,
                69.56
              ]
            ]
          ]
        ]
      }
    },
    {
      "type": "Feature",
      "properties": {
        "name": "Zweden",
        "name_nl": "Zweden",
        "name_en": "Sweden",
        "type": "country"
      },
      "geometry": {
        "type": "Polygon",
        "coordinates": [
          [
            [
              11.03,
              58.86
            ],
            [
              11.47,
              59.43
            ],
            [
              12.3,
              60.12
            ],
            [
              12.63,
              61.29
            ],
            [
              11.99,
              61.8
            ],
            [
              11.93,
              63.13
            ],
            [
              12.58,
              64.07
            ],
            [
              13.57,
              64.05
            ],
            [
              13.92,
              64.45
            ],
            [
              13.56,
              64.79
            ],
            [
              15.11,
              66.19
            ],
            [
              16.11,
              67.3
            ],
            [
              16.77,
              68.01
            ],
            [
              17.73,
              68.01
            ],
            [
              17.99,
              68.57
            ],
            [
              19.88,
              68.41
            ],
            [
              20.03,
              69.07
            ],
            [
              20.65,
              69.11
            ],
            [
              21.98,
              68.62
            ],
            [
              23.54,
              67.94
            ],
            [
              23.57,
              66.4
            ],
            [
              23.9,
              66.01
            ],
            [
              22.18,
              65.72
            ],
            [
              21.21,
              65.03
            ],
            [
              21.37,
              64.41
            ],
            [
              19.78,
              63.61
            ],
            [
              17.85,
              62.75
            ],
            [
              17.12,
              61.34
            ],
            [
              17.83,
              60.64
            ],
            [
              18.79,
              60.08
            ],
            [
              17.87,
              58.95
            ],
            [
              16.83,
              58.72
            ],
            [
              16.45,
              57.04
            ],
            [
              15.88,
              56.1
            ],
            [
              14.67,
              56.2
            ],
            [
              14.1,
              55.41
            ],
            [
              12.94,
              55.36
            ],
            [
              12.63,
              56.31
            ],
            [
              11.79,
              57.44
            ],
            [
              11.03,
              58.86
            ]
          ]
        ]
      }
    },
    {
      "type": "Feature",
      "properties": {
        "name": "Finland",
        "name_nl": "Finland",
        "name_en": "Finland",
        "type": "country"
      },
      "geometry": {
        "type": "Polygon",
        "coordinates": [
          [
            [
              28.59,
              69.06
            ],
            [
              28.45,
              68.36
            ],
            [
              29.98,
              67.7
            ],
            [
              29.05,
              66.94
            ],
            [
              30.22,
              65.81
            ],
            [
              29.54,
              64.95
            ],
            [
              30.44,
              64.2
            ],
            [
              30.04,
              63.55
            ],
            [
              31.52,
              62.87
            ],
            [
              31.14,
              62.36
            ],
            [
              30.21,
              61.78
            ],
            [
              28.07,
              60.5
            ],
            [
              28.07,
              60.5
            ],
            [
              28.07,
              60.5
            ],
            [
              26.26,
              60.42
            ],
            [
              24.5,
              60.06
            ],
            [
              22.87,
              59.85
            ],
            [
              22.29,
              60.39
            ],
            [
              21.32,
              60.72
            ],
            [
              21.54,
              61.71
            ],
            [
              21.06,
              62.61
            ],
            [
              21.54,
              63.19
            ],
            [
              22.44,
              63.82
            ],
            [
              24.73,
              64.9
            ],
            [
              25.4,
              65.11
            ],
            [
              25.29,
              65.53
            ],
            [
              23.9,
              66.01
            ],
            [
              23.57,
              66.4
            ],
            [
              23.54,
              67.94
            ],
            [
              21.98,
              68.62
            ],
            [
              20.65,
              69.11
            ],
            [
              21.24,
              69.37
            ],
            [
              22.36,
              68.84
            ],
            [
              23.66,
              68.89
            ],
            [
              24.74,
              68.65
            ],
            [
              25.69,
              69.09
            ],
            [
              26.18,
              69.83
            ],
            [
              27.73,
              70.16
            ],
            [
              29.02,
              69.77
            ],
            [
              28.59,
              69.06
            ]
          ]
        ]
      }
    },
    {
      "type": "Feature",
      "properties": {
        "name": "Luxemburg",
        "name_nl": "Luxemburg",
        "name_en": "Luxembourg",
        "type": "country"
      },
      "geometry": {
        "type": "Polygon",
        "coordinates": [
          [
            [
              6.04,
              50.13
            ],
            [
              6.24,
              49.9
            ],
            [
              6.19,
              49.46
            ],
            [
              5.9,
              49.44
            ],
            [
              5.67,
              49.53
            ],
            [
              5.78,
              50.09
            ],
            [
              6.04,
              50.13
            ]
          ]
        ]
      }
    },
    {
      "type": "Feature",
      "properties": {
        "name": "België",
        "name_nl": "België",
        "name_en": "Belgium",
        "type": "country"
      },
      "geometry": {
        "type": "Polygon",
        "coordinates": [
          [
            [
              6.16,
              50.8
            ],
            [
              6.04,
              50.13
            ],
            [
              5.78,
              50.09
            ],
            [
              5.67,
              49.53
            ],
            [
              4.8,
              49.99
            ],
            [
              4.29,
              49.91
            ],
            [
              3.59,
              50.38
            ],
            [
              3.12,
              50.78
            ],
            [
              2.66,
              50.8
            ],
            [
              2.51,
              51.15
            ],
            [
              3.31,
              51.35
            ],
            [
              3.32,
              51.35
            ],
            [
              3.31,
              51.35
            ],
            [
              4.05,
              51.27
            ],
            [
              4.97,
              51.48
            ],
            [
              5.61,
              51.04
            ],
            [
              6.16,
              50.8
            ]
          ]
        ]
      }
    },
    {
      "type": "Feature",
      "properties": {
        "name": "Noord-Macedonië",
        "name_nl": "Noord-Macedonië",
        "name_en": "North Macedonia",
        "type": "country"
      },
      "geometry": {
        "type": "Polygon",
        "coordinates": [
          [
            [
              22.38,
              42.32
            ],
            [
              22.88,
              42.0
            ],
            [
              22.95,
              41.34
            ],
            [
              22.76,
              41.3
            ],
            [
              22.6,
              41.13
            ],
            [
              22.06,
              41.15
            ],
            [
              21.67,
              40.93
            ],
            [
              21.02,
              40.84
            ],
            [
              20.61,
              41.09
            ],
            [
              20.46,
              41.52
            ],
            [
              20.59,
              41.86
            ],
            [
              20.59,
              41.86
            ],
            [
              20.72,
              41.85
            ],
            [
              20.76,
              42.05
            ],
            [
              21.35,
              42.21
            ],
            [
              21.58,
              42.25
            ],
            [
              21.92,
              42.3
            ],
            [
              22.38,
              42.32
            ]
          ]
        ]
      }
    },
    {
      "type": "Feature",
      "properties": {
        "name": "Albanië",
        "name_nl": "Albanië",
        "name_en": "Albania",
        "type": "country"
      },
      "geometry": {
        "type": "Polygon",
        "coordinates": [
          [
            [
              21.02,
              40.84
            ],
            [
              21.0,
              40.58
            ],
            [
              20.67,
              40.43
            ],
            [
              20.62,
              40.11
            ],
            [
              20.15,
              39.62
            ],
            [
              19.98,
              39.69
            ],
            [
              19.96,
              39.92
            ],
            [
              19.41,
              40.25
            ],
            [
              19.32,
              40.73
            ],
            [
              19.4,
              41.41
            ],
            [
              19.54,
              41.72
            ],
            [
              19.37,
              41.88
            ],
            [
              19.37,
              41.88
            ],
            [
              19.3,
              42.2
            ],
            [
              19.74,
              42.69
            ],
            [
              19.8,
              42.5
            ],
            [
              20.07,
              42.59
            ],
            [
              20.28,
              42.32
            ],
            [
              20.52,
              42.22
            ],
            [
              20.59,
              41.86
            ],
            [
              20.59,
              41.86
            ],
            [
              20.46,
              41.52
            ],
            [
              20.61,
              41.09
            ],
            [
              21.02,
              40.84
            ]
          ]
        ]
      }
    },
    {
      "type": "Feature",
      "properties": {
        "name": "Kosovo",
        "name_nl": "Kosovo",
        "name_en": "Kosovo",
        "type": "country"
      },
      "geometry": {
        "type": "Polygon",
        "coordinates": [
          [
            [
              20.59,
              41.86
            ],
            [
              20.52,
              42.22
            ],
            [
              20.28,
              42.32
            ],
            [
              20.07,
              42.59
            ],
            [
              20.26,
              42.81
            ],
            [
              20.5,
              42.88
            ],
            [
              20.64,
              43.22
            ],
            [
              20.81,
              43.27
            ],
            [
              20.96,
              43.13
            ],
            [
              21.14,
              43.07
            ],
            [
              21.27,
              42.91
            ],
            [
              21.44,
              42.86
            ],
            [
              21.63,
              42.68
            ],
            [
              21.78,
              42.68
            ],
            [
              21.66,
              42.44
            ],
            [
              21.54,
              42.32
            ],
            [
              21.58,
              42.25
            ],
            [
              21.35,
              42.21
            ],
            [
              20.76,
              42.05
            ],
            [
              20.72,
              41.85
            ],
            [
              20.59,
              41.86
            ]
          ]
        ]
      }
    },
    {
      "type": "Feature",
      "properties": {
        "name": "Spanje",
        "name_nl": "Spanje",
        "name_en": "Spain",
        "type": "country"
      },
      "geometry": {
        "type": "Polygon",
        "coordinates": [
          [
            [
              -7.45,
              37.1
            ],
            [
              -7.54,
              37.43
            ],
            [
              -7.17,
              37.8
            ],
            [
              -7.03,
              38.08
            ],
            [
              -7.37,
              38.37
            ],
            [
              -7.1,
              39.03
            ],
            [
              -7.5,
              39.63
            ],
            [
              -7.07,
              39.71
            ],
            [
              -7.03,
              40.18
            ],
            [
              -6.86,
              40.33
            ],
            [
              -6.85,
              41.11
            ],
            [
              -6.39,
              41.38
            ],
            [
              -6.67,
              41.88
            ],
            [
              -7.25,
              41.92
            ],
            [
              -7.42,
              41.79
            ],
            [
              -8.01,
              41.79
            ],
            [
              -8.26,
              42.28
            ],
            [
              -8.67,
              42.13
            ],
            [
              -9.03,
              41.88
            ],
            [
              -8.98,
              42.59
            ],
            [
              -9.39,
              43.03
            ],
            [
              -7.98,
              43.75
            ],
            [
              -6.75,
              43.57
            ],
            [
              -5.41,
              43.57
            ],
            [
              -4.35,
              43.4
            ],
            [
              -3.52,
              43.46
            ],
            [
              -1.9,
              43.42
            ],
            [
              -1.5,
              43.03
            ],
            [
              0.34,
              42.58
            ],
            [
              0.7,
              42.8
            ],
            [
              1.83,
              42.34
            ],
            [
              2.99,
              42.47
            ],
            [
              3.04,
              41.89
            ],
            [
              2.09,
              41.23
            ],
            [
              0.81,
              41.01
            ],
            [
              0.72,
              40.68
            ],
            [
              0.11,
              40.12
            ],
            [
              -0.28,
              39.31
            ],
            [
              0.11,
              38.74
            ],
            [
              -0.47,
              38.29
            ],
            [
              -0.68,
              37.64
            ],
            [
              -1.44,
              37.44
            ],
            [
              -2.15,
              36.67
            ],
            [
              -3.42,
              36.66
            ],
            [
              -4.37,
              36.68
            ],
            [
              -5.0,
              36.32
            ],
            [
              -5.38,
              35.95
            ],
            [
              -5.87,
              36.03
            ],
            [
              -6.24,
              36.37
            ],
            [
              -6.52,
              36.94
            ],
            [
              -7.45,
              37.1
            ]
          ]
        ]
      }
    },
    {
      "type": "Feature",
      "properties": {
        "name": "Denemarken",
        "name_nl": "Denemarken",
        "name_en": "Denmark",
        "type": "country"
      },
      "geometry": {
        "type": "MultiPolygon",
        "coordinates": [
          [
            [
              [
                9.92,
                54.98
              ],
              [
                9.28,
                54.83
              ],
              [
                8.53,
                54.96
              ],
              [
                8.12,
                55.52
              ],
              [
                8.09,
                56.54
              ],
              [
                8.26,
                56.81
              ],
              [
                8.54,
                57.11
              ],
              [
                9.42,
                57.17
              ],
              [
                9.78,
                57.45
              ],
              [
                10.58,
                57.73
              ],
              [
                10.55,
                57.22
              ],
              [
                10.25,
                56.89
              ],
              [
                10.37,
                56.61
              ],
              [
                10.91,
                56.46
              ],
              [
                10.67,
                56.08
              ],
              [
                10.37,
                56.19
              ],
              [
                9.65,
                55.47
              ],
              [
                9.92,
                54.98
              ]
            ]
          ],
          [
            [
              [
                12.37,
                56.11
              ],
              [
                12.69,
                55.61
              ],
              [
                12.09,
                54.8
              ],
              [
                11.04,
                55.36
              ],
              [
                10.9,
                55.78
              ],
              [
                12.37,
                56.11
              ]
            ]
          ]
        ]
      }
    },
    {
      "type": "Feature",
      "properties": {
        "name": "Roemenië",
        "name_nl": "Roemenië",
        "name_en": "Romania",
        "type": "country"
      },
      "geometry": {
        "type": "Polygon",
        "coordinates": [
          [
            [
              28.23,
              45.49
            ],
            [
              28.68,
              45.3
            ],
            [
              29.15,
              45.46
            ],
            [
              29.6,
              45.29
            ],
            [
              29.63,
              45.04
            ],
            [
              29.14,
              44.82
            ],
            [
              28.84,
              44.91
            ],
            [
              28.56,
              43.71
            ],
            [
              27.97,
              43.81
            ],
            [
              27.24,
              44.18
            ],
            [
              26.07,
              43.94
            ],
            [
              25.57,
              43.69
            ],
            [
              24.1,
              43.74
            ],
            [
              23.33,
              43.9
            ],
            [
              22.94,
              43.82
            ],
            [
              22.66,
              44.23
            ],
            [
              22.47,
              44.41
            ],
            [
              22.71,
              44.58
            ],
            [
              22.46,
              44.7
            ],
            [
              22.15,
              44.48
            ],
            [
              21.56,
              44.77
            ],
            [
              21.48,
              45.18
            ],
            [
              20.87,
              45.42
            ],
            [
              20.76,
              45.73
            ],
            [
              20.22,
              46.13
            ],
            [
              21.02,
              46.32
            ],
            [
              21.63,
              46.99
            ],
            [
              22.1,
              47.67
            ],
            [
              22.71,
              47.88
            ],
            [
              23.14,
              48.1
            ],
            [
              23.76,
              47.99
            ],
            [
              24.4,
              47.98
            ],
            [
              24.87,
              47.74
            ],
            [
              25.21,
              47.89
            ],
            [
              25.95,
              47.99
            ],
            [
              26.2,
              48.22
            ],
            [
              26.62,
              48.22
            ],
            [
              26.92,
              48.12
            ],
            [
              27.23,
              47.83
            ],
            [
              27.55,
              47.41
            ],
            [
              28.13,
              46.81
            ],
            [
              28.16,
              46.37
            ],
            [
              28.05,
              45.94
            ],
            [
              28.23,
              45.49
            ]
          ]
        ]
      }
    },
    {
      "type": "Feature",
      "properties": {
        "name": "Hongarije",
        "name_nl": "Hongarije",
        "name_en": "Hungary",
        "type": "country"
      },
      "geometry": {
        "type": "Polygon",
        "coordinates": [
          [
            [
              22.09,
              48.42
            ],
            [
              22.64,
              48.15
            ],
            [
              22.71,
              47.88
            ],
            [
              22.1,
              47.67
            ],
            [
              21.63,
              46.99
            ],
            [
              21.02,
              46.32
            ],
            [
              20.22,
              46.13
            ],
            [
              19.6,
              46.17
            ],
            [
              18.83,
              45.91
            ],
            [
              18.83,
              45.91
            ],
            [
              18.46,
              45.76
            ],
            [
              17.63,
              45.95
            ],
            [
              16.88,
              46.38
            ],
            [
              16.56,
              46.5
            ],
            [
              16.37,
              46.84
            ],
            [
              16.2,
              46.85
            ],
            [
              16.53,
              47.5
            ],
            [
              16.34,
              47.71
            ],
            [
              16.9,
              47.71
            ],
            [
              16.98,
              48.12
            ],
            [
              17.49,
              47.87
            ],
            [
              17.86,
              47.76
            ],
            [
              18.7,
              47.88
            ],
            [
              18.78,
              48.08
            ],
            [
              19.17,
              48.11
            ],
            [
              19.66,
              48.27
            ],
            [
              19.77,
              48.2
            ],
            [
              20.24,
              48.33
            ],
            [
              20.47,
              48.56
            ],
            [
              20.8,
              48.62
            ],
            [
              21.87,
              48.32
            ],
            [
              22.09,
              48.42
            ]
          ]
        ]
      }
    },
    {
      "type": "Feature",
      "properties": {
        "name": "Slowakije",
        "name_nl": "Slowakije",
        "name_en": "Slovakia",
        "type": "country"
      },
      "geometry": {
        "type": "Polygon",
        "coordinates": [
          [
            [
              22.56,
              49.09
            ],
            [
              22.28,
              48.83
            ],
            [
              22.09,
              48.42
            ],
            [
              21.87,
              48.32
            ],
            [
              20.8,
              48.62
            ],
            [
              20.47,
              48.56
            ],
            [
              20.24,
              48.33
            ],
            [
              19.77,
              48.2
            ],
            [
              19.66,
              48.27
            ],
            [
              19.17,
              48.11
            ],
            [
              18.78,
              48.08
            ],
            [
              18.7,
              47.88
            ],
            [
              17.86,
              47.76
            ],
            [
              17.49,
              47.87
            ],
            [
              16.98,
              48.12
            ],
            [
              16.88,
              48.47
            ],
            [
              16.96,
              48.6
            ],
            [
              17.1,
              48.82
            ],
            [
              17.55,
              48.8
            ],
            [
              17.89,
              48.9
            ],
            [
              17.91,
              49.0
            ],
            [
              18.1,
              49.04
            ],
            [
              18.17,
              49.27
            ],
            [
              18.4,
              49.32
            ],
            [
              18.55,
              49.5
            ],
            [
              18.85,
              49.5
            ],
            [
              18.91,
              49.44
            ],
            [
              19.32,
              49.57
            ],
            [
              19.83,
              49.22
            ],
            [
              20.42,
              49.43
            ],
            [
              20.89,
              49.33
            ],
            [
              21.61,
              49.47
            ],
            [
              22.56,
              49.09
            ]
          ]
        ]
      }
    },
    {
      "type": "Feature",
      "properties": {
        "name": "Polen",
        "name_nl": "Polen",
        "name_en": "Poland",
        "type": "country"
      },
      "geometry": {
        "type": "Polygon",
        "coordinates": [
          [
            [
              23.48,
              53.91
            ],
            [
              23.53,
              53.47
            ],
            [
              23.8,
              53.09
            ],
            [
              23.8,
              52.69
            ],
            [
              23.2,
              52.49
            ],
            [
              23.51,
              52.02
            ],
            [
              23.53,
              51.58
            ],
            [
              24.03,
              50.71
            ],
            [
              23.92,
              50.42
            ],
            [
              23.43,
              50.31
            ],
            [
              22.52,
              49.48
            ],
            [
              22.78,
              49.03
            ],
            [
              22.56,
              49.09
            ],
            [
              21.61,
              49.47
            ],
            [
              20.89,
              49.33
            ],
            [
              20.42,
              49.43
            ],
            [
              19.83,
              49.22
            ],
            [
              19.32,
              49.57
            ],
            [
              18.91,
              49.44
            ],
            [
              18.85,
              49.5
            ],
            [
              18.39,
              49.99
            ],
            [
              17.65,
              50.05
            ],
            [
              17.55,
              50.36
            ],
            [
              16.87,
              50.47
            ],
            [
              16.72,
              50.22
            ],
            [
              16.18,
              50.42
            ],
            [
              16.24,
              50.7
            ],
            [
              15.49,
              50.78
            ],
            [
              15.02,
              51.11
            ],
            [
              14.61,
              51.75
            ],
            [
              14.69,
              52.09
            ],
            [
              14.44,
              52.62
            ],
            [
              14.07,
              52.98
            ],
            [
              14.35,
              53.25
            ],
            [
              14.12,
              53.76
            ],
            [
              14.8,
              54.05
            ],
            [
              16.36,
              54.51
            ],
            [
              17.62,
              54.85
            ],
            [
              18.62,
              54.68
            ],
            [
              18.7,
              54.44
            ],
            [
              19.66,
              54.43
            ],
            [
              20.89,
              54.31
            ],
            [
              22.73,
              54.33
            ],
            [
              23.24,
              54.22
            ],
            [
              23.48,
              53.91
            ]
          ]
        ]
      }
    },
    {
      "type": "Feature",
      "properties": {
        "name": "Ierland",
        "name_nl": "Ierland",
        "name_en": "Ireland",
        "type": "country"
      },
      "geometry": {
        "type": "Polygon",
        "coordinates": [
          [
            [
              -6.2,
              53.87
            ],
            [
              -6.03,
              53.15
            ],
            [
              -6.79,
              52.26
            ],
            [
              -8.56,
              51.67
            ],
            [
              -9.98,
              51.82
            ],
            [
              -9.17,
              52.86
            ],
            [
              -9.69,
              53.88
            ],
            [
              -8.33,
              54.66
            ],
            [
              -7.57,
              55.13
            ],
            [
              -7.37,
              54.6
            ],
            [
              -7.57,
              54.06
            ],
            [
              -6.95,
              54.07
            ],
            [
              -6.2,
              53.87
            ]
          ]
        ]
      }
    },
    {
      "type": "Feature",
      "properties": {
        "name": "Verenigd Koninkrijk",
        "name_nl": "Verenigd Koninkrijk",
        "name_en": "United Kingdom",
        "type": "country"
      },
      "geometry": {
        "type": "MultiPolygon",
        "coordinates": [
          [
            [
              [
                -6.2,
                53.87
              ],
              [
                -6.95,
                54.07
              ],
              [
                -7.57,
                54.06
              ],
              [
                -7.37,
                54.6
              ],
              [
                -7.57,
                55.13
              ],
              [
                -6.73,
                55.17
              ],
              [
                -5.66,
                54.55
              ],
              [
                -6.2,
                53.87
              ]
            ]
          ],
          [
            [
              [
                -3.09,
                53.4
              ],
              [
                -3.09,
                53.4
              ],
              [
                -2.95,
                53.98
              ],
              [
                -3.61,
                54.6
              ],
              [
                -3.63,
                54.62
              ],
              [
                -4.84,
                54.79
              ],
              [
                -5.08,
                55.06
              ],
              [
                -4.72,
                55.51
              ],
              [
                -5.05,
                55.78
              ],
              [
                -5.59,
                55.31
              ],
              [
                -5.64,
                56.28
              ],
              [
                -6.15,
                56.79
              ],
              [
                -5.79,
                57.82
              ],
              [
                -5.01,
                58.63
              ],
              [
                -4.21,
                58.55
              ],
              [
                -3.01,
                58.64
              ],
              [
                -4.07,
                57.55
              ],
              [
                -3.06,
                57.69
              ],
              [
                -1.96,
                57.68
              ],
              [
                -2.22,
                56.87
              ],
              [
                -3.12,
                55.97
              ],
              [
                -2.09,
                55.91
              ],
              [
                -2.01,
                55.8
              ],
              [
                -1.11,
                54.62
              ],
              [
                -0.43,
                54.46
              ],
              [
                0.18,
                53.33
              ],
              [
                0.47,
                52.93
              ],
              [
                1.68,
                52.74
              ],
              [
                1.56,
                52.1
              ],
              [
                1.05,
                51.81
              ],
              [
                1.45,
                51.29
              ],
              [
                0.55,
                50.77
              ],
              [
                -0.79,
                50.77
              ],
              [
                -2.49,
                50.5
              ],
              [
                -2.96,
                50.7
              ],
              [
                -3.62,
                50.23
              ],
              [
                -4.54,
                50.34
              ],
              [
                -5.25,
                49.96
              ],
              [
                -5.78,
                50.16
              ],
              [
                -4.31,
                51.21
              ],
              [
                -3.41,
                51.43
              ],
              [
                -3.42,
                51.43
              ],
              [
                -4.98,
                51.59
              ],
              [
                -5.27,
                51.99
              ],
              [
                -4.22,
                52.3
              ],
              [
                -4.77,
                52.84
              ],
              [
                -4.58,
                53.5
              ],
              [
                -3.09,
                53.4
              ]
            ]
          ]
        ]
      }
    },
    {
      "type": "Feature",
      "properties": {
        "name": "Griekenland",
        "name_nl": "Griekenland",
        "name_en": "Greece",
        "type": "country"
      },
      "geometry": {
        "type": "MultiPolygon",
        "coordinates": [
          [
            [
              [
                26.29,
                35.3
              ],
              [
                26.16,
                35.0
              ],
              [
                24.72,
                34.92
              ],
              [
                24.74,
                35.08
              ],
              [
                23.51,
                35.28
              ],
              [
                23.7,
                35.71
              ],
              [
                24.25,
                35.37
              ],
              [
                25.03,
                35.42
              ],
              [
                25.77,
                35.35
              ],
              [
                25.75,
                35.18
              ],
              [
                26.29,
                35.3
              ]
            ]
          ],
          [
            [
              [
                22.95,
                41.34
              ],
              [
                23.69,
                41.31
              ],
              [
                24.49,
                41.58
              ],
              [
                25.2,
                41.23
              ],
              [
                26.11,
                41.33
              ],
              [
                26.12,
                41.83
              ],
              [
                26.6,
                41.56
              ],
              [
                26.29,
                40.94
              ],
              [
                26.06,
                40.82
              ],
              [
                25.45,
                40.85
              ],
              [
                24.93,
                40.95
              ],
              [
                23.71,
                40.69
              ],
              [
                24.41,
                40.12
              ],
              [
                23.9,
                39.96
              ],
              [
                23.34,
                39.96
              ],
              [
                22.81,
                40.48
              ],
              [
                22.63,
                40.26
              ],
              [
                22.85,
                39.66
              ],
              [
                23.35,
                39.19
              ],
              [
                22.97,
                38.97
              ],
              [
                23.53,
                38.51
              ],
              [
                24.03,
                38.22
              ],
              [
                24.04,
                37.66
              ],
              [
                23.12,
                37.92
              ],
              [
                23.41,
                37.41
              ],
              [
                22.77,
                37.31
              ],
              [
                23.15,
                36.42
              ],
              [
                22.49,
                36.41
              ],
              [
                21.67,
                36.84
              ],
              [
                21.3,
                37.64
              ],
              [
                21.12,
                38.31
              ],
              [
                20.73,
                38.77
              ],
              [
                20.22,
                39.34
              ],
              [
                20.15,
                39.62
              ],
              [
                20.62,
                40.11
              ],
              [
                20.67,
                40.43
              ],
              [
                21.0,
                40.58
              ],
              [
                21.02,
                40.84
              ],
              [
                21.67,
                40.93
              ],
              [
                22.06,
                41.15
              ],
              [
                22.6,
                41.13
              ],
              [
                22.76,
                41.3
              ],
              [
                22.95,
                41.34
              ]
            ]
          ]
        ]
      }
    },
    {
      "type": "Feature",
      "properties": {
        "name": "Oostenrijk",
        "name_nl": "Oostenrijk",
        "name_en": "Austria",
        "type": "country"
      },
      "geometry": {
        "type": "Polygon",
        "coordinates": [
          [
            [
              16.98,
              48.12
            ],
            [
              16.9,
              47.71
            ],
            [
              16.34,
              47.71
            ],
            [
              16.53,
              47.5
            ],
            [
              16.2,
              46.85
            ],
            [
              16.01,
              46.68
            ],
            [
              15.14,
              46.66
            ],
            [
              14.63,
              46.43
            ],
            [
              13.81,
              46.51
            ],
            [
              12.38,
              46.77
            ],
            [
              12.15,
              47.12
            ],
            [
              11.16,
              46.94
            ],
            [
              11.05,
              46.75
            ],
            [
              10.44,
              46.89
            ],
            [
              9.93,
              46.92
            ],
            [
              9.48,
              47.1
            ],
            [
              9.63,
              47.35
            ],
            [
              9.59,
              47.53
            ],
            [
              9.9,
              47.58
            ],
            [
              10.4,
              47.3
            ],
            [
              10.54,
              47.57
            ],
            [
              11.43,
              47.52
            ],
            [
              12.14,
              47.7
            ],
            [
              12.62,
              47.67
            ],
            [
              12.93,
              47.47
            ],
            [
              13.03,
              47.64
            ],
            [
              12.88,
              48.29
            ],
            [
              13.24,
              48.42
            ],
            [
              13.6,
              48.88
            ],
            [
              14.34,
              48.56
            ],
            [
              14.9,
              48.96
            ],
            [
              15.25,
              49.04
            ],
            [
              16.03,
              48.73
            ],
            [
              16.5,
              48.79
            ],
            [
              16.96,
              48.6
            ],
            [
              16.88,
              48.47
            ],
            [
              16.98,
              48.12
            ]
          ]
        ]
      }
    },
    {
      "type": "Feature",
      "properties": {
        "name": "Italië",
        "name_nl": "Italië",
        "name_en": "Italy",
        "type": "country"
      },
      "geometry": {
        "type": "MultiPolygon",
        "coordinates": [
          [
            [
              [
                10.44,
                46.89
              ],
              [
                11.05,
                46.75
              ],
              [
                11.16,
                46.94
              ],
              [
                12.15,
                47.12
              ],
              [
                12.38,
                46.77
              ],
              [
                13.81,
                46.51
              ],
              [
                13.7,
                46.02
              ],
              [
                13.94,
                45.59
              ],
              [
                13.14,
                45.74
              ],
              [
                12.33,
                45.38
              ],
              [
                12.38,
                44.89
              ],
              [
                12.26,
                44.6
              ],
              [
                12.59,
                44.09
              ],
              [
                13.53,
                43.59
              ],
              [
                14.03,
                42.76
              ],
              [
                15.14,
                41.96
              ],
              [
                15.93,
                41.96
              ],
              [
                16.17,
                41.74
              ],
              [
                15.89,
                41.54
              ],
              [
                16.79,
                41.18
              ],
              [
                17.52,
                40.88
              ],
              [
                18.38,
                40.36
              ],
              [
                18.48,
                40.17
              ],
              [
                18.29,
                39.81
              ],
              [
                17.74,
                40.28
              ],
              [
                16.87,
                40.44
              ],
              [
                16.45,
                39.8
              ],
              [
                17.17,
                39.42
              ],
              [
                17.05,
                38.9
              ],
              [
                16.64,
                38.84
              ],
              [
                16.1,
                37.99
              ],
              [
                15.68,
                37.91
              ],
              [
                15.69,
                38.21
              ],
              [
                15.89,
                38.75
              ],
              [
                16.11,
                38.96
              ],
              [
                15.72,
                39.54
              ],
              [
                15.41,
                40.05
              ],
              [
                15.0,
                40.17
              ],
              [
                14.7,
                40.6
              ],
              [
                14.06,
                40.79
              ],
              [
                13.63,
                41.19
              ],
              [
                12.89,
                41.25
              ],
              [
                12.11,
                41.7
              ],
              [
                11.19,
                42.36
              ],
              [
                10.51,
                42.93
              ],
              [
                10.2,
                43.92
              ],
              [
                9.7,
                44.04
              ],
              [
                8.89,
                44.37
              ],
              [
                8.43,
                44.23
              ],
              [
                7.85,
                43.77
              ],
              [
                7.44,
                43.69
              ],
              [
                7.55,
                44.13
              ],
              [
                7.01,
                44.25
              ],
              [
                6.75,
                45.03
              ],
              [
                7.1,
                45.33
              ],
              [
                6.8,
                45.71
              ],
              [
                6.84,
                45.99
              ],
              [
                7.27,
                45.78
              ],
              [
                7.76,
                45.82
              ],
              [
                8.32,
                46.16
              ],
              [
                8.49,
                46.01
              ],
              [
                8.97,
                46.04
              ],
              [
                9.18,
                46.44
              ],
              [
                9.92,
                46.31
              ],
              [
                10.36,
                46.48
              ],
              [
                10.44,
                46.89
              ]
            ]
          ],
          [
            [
              [
                14.76,
                38.14
              ],
              [
                15.52,
                38.23
              ],
              [
                15.16,
                37.44
              ],
              [
                15.31,
                37.13
              ],
              [
                15.1,
                36.62
              ],
              [
                14.34,
                37.0
              ],
              [
                13.83,
                37.1
              ],
              [
                12.43,
                37.61
              ],
              [
                12.57,
                38.13
              ],
              [
                13.74,
                38.03
              ],
              [
                14.76,
                38.14
              ]
            ]
          ],
          [
            [
              [
                8.71,
                40.9
              ],
              [
                9.21,
                41.21
              ],
              [
                9.81,
                40.5
              ],
              [
                9.67,
                39.18
              ],
              [
                9.21,
                39.24
              ],
              [
                8.81,
                38.91
              ],
              [
                8.43,
                39.17
              ],
              [
                8.39,
                40.38
              ],
              [
                8.16,
                40.95
              ],
              [
                8.71,
                40.9
              ]
            ]
          ]
        ]
      }
    },
    {
      "type": "Feature",
      "properties": {
        "name": "Zwitserland",
        "name_nl": "Zwitserland",
        "name_en": "Switzerland",
        "type": "country"
      },
      "geometry": {
        "type": "Polygon",
        "coordinates": [
          [
            [
              9.59,
              47.53
            ],
            [
              9.63,
              47.35
            ],
            [
              9.48,
              47.1
            ],
            [
              9.93,
              46.92
            ],
            [
              10.44,
              46.89
            ],
            [
              10.36,
              46.48
            ],
            [
              9.92,
              46.31
            ],
            [
              9.18,
              46.44
            ],
            [
              8.97,
              46.04
            ],
            [
              8.49,
              46.01
            ],
            [
              8.32,
              46.16
            ],
            [
              7.76,
              45.82
            ],
            [
              7.27,
              45.78
            ],
            [
              6.84,
              45.99
            ],
            [
              6.5,
              46.43
            ],
            [
              6.02,
              46.27
            ],
            [
              6.04,
              46.73
            ],
            [
              6.77,
              47.29
            ],
            [
              6.74,
              47.54
            ],
            [
              7.19,
              47.45
            ],
            [
              7.47,
              47.62
            ],
            [
              8.32,
              47.61
            ],
            [
              8.52,
              47.83
            ],
            [
              9.59,
              47.53
            ]
          ]
        ]
      }
    },
    {
      "type": "Feature",
      "properties": {
        "name": "Nederland",
        "name_nl": "Nederland",
        "name_en": "Netherlands",
        "type": "country"
      },
      "geometry": {
        "type": "Polygon",
        "coordinates": [
          [
            [
              6.91,
              53.48
            ],
            [
              7.09,
              53.14
            ],
            [
              6.84,
              52.23
            ],
            [
              6.59,
              51.85
            ],
            [
              5.99,
              51.85
            ],
            [
              6.16,
              50.8
            ],
            [
              5.61,
              51.04
            ],
            [
              4.97,
              51.48
            ],
            [
              4.05,
              51.27
            ],
            [
              3.31,
              51.35
            ],
            [
              3.32,
              51.35
            ],
            [
              3.83,
              51.62
            ],
            [
              4.71,
              53.09
            ],
            [
              6.07,
              53.51
            ],
            [
              6.91,
              53.48
            ]
          ]
        ]
      }
    },
    {
      "type": "Feature",
      "properties": {
        "name": "Servië",
        "name_nl": "Servië",
        "name_en": "Serbia",
        "type": "country"
      },
      "geometry": {
        "type": "Polygon",
        "coordinates": [
          [
            [
              18.83,
              45.91
            ],
            [
              18.83,
              45.91
            ],
            [
              19.6,
              46.17
            ],
            [
              20.22,
              46.13
            ],
            [
              20.76,
              45.73
            ],
            [
              20.87,
              45.42
            ],
            [
              21.48,
              45.18
            ],
            [
              21.56,
              44.77
            ],
            [
              22.15,
              44.48
            ],
            [
              22.46,
              44.7
            ],
            [
              22.71,
              44.58
            ],
            [
              22.47,
              44.41
            ],
            [
              22.66,
              44.23
            ],
            [
              22.41,
              44.01
            ],
            [
              22.5,
              43.64
            ],
            [
              22.99,
              43.21
            ],
            [
              22.6,
              42.9
            ],
            [
              22.44,
              42.58
            ],
            [
              22.55,
              42.46
            ],
            [
              22.38,
              42.32
            ],
            [
              21.92,
              42.3
            ],
            [
              21.58,
              42.25
            ],
            [
              21.54,
              42.32
            ],
            [
              21.66,
              42.44
            ],
            [
              21.78,
              42.68
            ],
            [
              21.63,
              42.68
            ],
            [
              21.44,
              42.86
            ],
            [
              21.27,
              42.91
            ],
            [
              21.14,
              43.07
            ],
            [
              20.96,
              43.13
            ],
            [
              20.81,
              43.27
            ],
            [
              20.64,
              43.22
            ],
            [
              20.5,
              42.88
            ],
            [
              20.26,
              42.81
            ],
            [
              20.34,
              42.9
            ],
            [
              19.96,
              43.11
            ],
            [
              19.63,
              43.21
            ],
            [
              19.48,
              43.35
            ],
            [
              19.22,
              43.52
            ],
            [
              19.45,
              43.57
            ],
            [
              19.6,
              44.04
            ],
            [
              19.12,
              44.42
            ],
            [
              19.37,
              44.86
            ],
            [
              19.01,
              44.86
            ],
            [
              19.01,
              44.86
            ],
            [
              19.39,
              45.24
            ],
            [
              19.07,
              45.52
            ],
            [
              18.83,
              45.91
            ]
          ]
        ]
      }
    },
    {
      "type": "Feature",
      "properties": {
        "name": "Kroatië",
        "name_nl": "Kroatië",
        "name_en": "Croatia",
        "type": "country"
      },
      "geometry": {
        "type": "Polygon",
        "coordinates": [
          [
            [
              16.56,
              46.5
            ],
            [
              16.88,
              46.38
            ],
            [
              17.63,
              45.95
            ],
            [
              18.46,
              45.76
            ],
            [
              18.83,
              45.91
            ],
            [
              19.07,
              45.52
            ],
            [
              19.39,
              45.24
            ],
            [
              19.01,
              44.86
            ],
            [
              18.55,
              45.08
            ],
            [
              17.86,
              45.07
            ],
            [
              17.0,
              45.23
            ],
            [
              16.53,
              45.21
            ],
            [
              16.32,
              45.0
            ],
            [
              15.96,
              45.23
            ],
            [
              15.75,
              44.82
            ],
            [
              16.24,
              44.35
            ],
            [
              16.46,
              44.04
            ],
            [
              16.92,
              43.67
            ],
            [
              17.3,
              43.45
            ],
            [
              17.67,
              43.03
            ],
            [
              18.56,
              42.65
            ],
            [
              18.45,
              42.48
            ],
            [
              18.45,
              42.48
            ],
            [
              17.51,
              42.85
            ],
            [
              16.93,
              43.21
            ],
            [
              16.02,
              43.51
            ],
            [
              15.17,
              44.24
            ],
            [
              15.38,
              44.32
            ],
            [
              14.92,
              44.74
            ],
            [
              14.9,
              45.08
            ],
            [
              14.26,
              45.23
            ],
            [
              13.95,
              44.8
            ],
            [
              13.66,
              45.14
            ],
            [
              13.68,
              45.48
            ],
            [
              13.72,
              45.5
            ],
            [
              14.41,
              45.47
            ],
            [
              14.6,
              45.63
            ],
            [
              14.94,
              45.47
            ],
            [
              15.33,
              45.45
            ],
            [
              15.32,
              45.73
            ],
            [
              15.67,
              45.83
            ],
            [
              15.77,
              46.24
            ],
            [
              16.56,
              46.5
            ]
          ]
        ]
      }
    },
    {
      "type": "Feature",
      "properties": {
        "name": "Slovenië",
        "name_nl": "Slovenië",
        "name_en": "Slovenia",
        "type": "country"
      },
      "geometry": {
        "type": "Polygon",
        "coordinates": [
          [
            [
              13.81,
              46.51
            ],
            [
              14.63,
              46.43
            ],
            [
              15.14,
              46.66
            ],
            [
              16.01,
              46.68
            ],
            [
              16.2,
              46.85
            ],
            [
              16.37,
              46.84
            ],
            [
              16.56,
              46.5
            ],
            [
              15.77,
              46.24
            ],
            [
              15.67,
              45.83
            ],
            [
              15.32,
              45.73
            ],
            [
              15.33,
              45.45
            ],
            [
              14.94,
              45.47
            ],
            [
              14.6,
              45.63
            ],
            [
              14.41,
              45.47
            ],
            [
              13.72,
              45.5
            ],
            [
              13.94,
              45.59
            ],
            [
              13.7,
              46.02
            ],
            [
              13.81,
              46.51
            ]
          ]
        ]
      }
    },
    {
      "type": "Feature",
      "properties": {
        "name": "Bulgarije",
        "name_nl": "Bulgarije",
        "name_en": "Bulgaria",
        "type": "country"
      },
      "geometry": {
        "type": "Polygon",
        "coordinates": [
          [
            [
              22.66,
              44.23
            ],
            [
              22.94,
              43.82
            ],
            [
              23.33,
              43.9
            ],
            [
              24.1,
              43.74
            ],
            [
              25.57,
              43.69
            ],
            [
              26.07,
              43.94
            ],
            [
              27.24,
              44.18
            ],
            [
              27.97,
              43.81
            ],
            [
              28.56,
              43.71
            ],
            [
              28.04,
              43.29
            ],
            [
              27.67,
              42.58
            ],
            [
              28.0,
              42.01
            ],
            [
              27.14,
              42.14
            ],
            [
              26.12,
              41.83
            ],
            [
              26.11,
              41.33
            ],
            [
              25.2,
              41.23
            ],
            [
              24.49,
              41.58
            ],
            [
              23.69,
              41.31
            ],
            [
              22.95,
              41.34
            ],
            [
              22.88,
              42.0
            ],
            [
              22.38,
              42.32
            ],
            [
              22.55,
              42.46
            ],
            [
              22.44,
              42.58
            ],
            [
              22.6,
              42.9
            ],
            [
              22.99,
              43.21
            ],
            [
              22.5,
              43.64
            ],
            [
              22.41,
              44.01
            ],
            [
              22.66,
              44.23
            ]
          ]
        ]
      }
    },
    {
      "type": "Feature",
      "properties": {
        "name": "Montenegro",
        "name_nl": "Montenegro",
        "name_en": "Montenegro",
        "type": "country"
      },
      "geometry": {
        "type": "Polygon",
        "coordinates": [
          [
            [
              20.07,
              42.59
            ],
            [
              19.8,
              42.5
            ],
            [
              19.74,
              42.69
            ],
            [
              19.3,
              42.2
            ],
            [
              19.37,
              41.88
            ],
            [
              19.16,
              41.96
            ],
            [
              18.88,
              42.28
            ],
            [
              18.45,
              42.48
            ],
            [
              18.56,
              42.65
            ],
            [
              18.71,
              43.2
            ],
            [
              19.03,
              43.43
            ],
            [
              19.22,
              43.52
            ],
            [
              19.48,
              43.35
            ],
            [
              19.63,
              43.21
            ],
            [
              19.96,
              43.11
            ],
            [
              20.34,
              42.9
            ],
            [
              20.26,
              42.81
            ],
            [
              20.07,
              42.59
            ]
          ]
        ]
      }
    },
    {
      "type": "Feature",
      "properties": {
        "name": "Bosnië en Herzegovina",
        "name_nl": "Bosnië en Herzegovina",
        "name_en": "Bosnia and Herz.",
        "type": "country"
      },
      "geometry": {
        "type": "Polygon",
        "coordinates": [
          [
            [
              18.56,
              42.65
            ],
            [
              17.67,
              43.03
            ],
            [
              17.3,
              43.45
            ],
            [
              16.92,
              43.67
            ],
            [
              16.46,
              44.04
            ],
            [
              16.24,
              44.35
            ],
            [
              15.75,
              44.82
            ],
            [
              15.96,
              45.23
            ],
            [
              16.32,
              45.0
            ],
            [
              16.53,
              45.21
            ],
            [
              17.0,
              45.23
            ],
            [
              17.86,
              45.07
            ],
            [
              18.55,
              45.08
            ],
            [
              19.01,
              44.86
            ],
            [
              19.01,
              44.86
            ],
            [
              19.37,
              44.86
            ],
            [
              19.12,
              44.42
            ],
            [
              19.6,
              44.04
            ],
            [
              19.45,
              43.57
            ],
            [
              19.22,
              43.52
            ],
            [
              19.03,
              43.43
            ],
            [
              18.71,
              43.2
            ],
            [
              18.56,
              42.65
            ]
          ]
        ]
      }
    },
    {
      "type": "Feature",
      "properties": {
        "name": "Portugal",
        "name_nl": "Portugal",
        "name_en": "Portugal",
        "type": "country"
      },
      "geometry": {
        "type": "Polygon",
        "coordinates": [
          [
            [
              -9.03,
              41.88
            ],
            [
              -8.67,
              42.13
            ],
            [
              -8.26,
              42.28
            ],
            [
              -8.01,
              41.79
            ],
            [
              -7.42,
              41.79
            ],
            [
              -7.25,
              41.92
            ],
            [
              -6.67,
              41.88
            ],
            [
              -6.39,
              41.38
            ],
            [
              -6.85,
              41.11
            ],
            [
              -6.86,
              40.33
            ],
            [
              -7.03,
              40.18
            ],
            [
              -7.07,
              39.71
            ],
            [
              -7.5,
              39.63
            ],
            [
              -7.1,
              39.03
            ],
            [
              -7.37,
              38.37
            ],
            [
              -7.03,
              38.08
            ],
            [
              -7.17,
              37.8
            ],
            [
              -7.54,
              37.43
            ],
            [
              -7.45,
              37.1
            ],
            [
              -7.86,
              36.84
            ],
            [
              -8.38,
              36.98
            ],
            [
              -8.9,
              36.87
            ],
            [
              -8.75,
              37.65
            ],
            [
              -8.84,
              38.27
            ],
            [
              -9.29,
              38.36
            ],
            [
              -9.53,
              38.74
            ],
            [
              -9.45,
              39.39
            ],
            [
              -9.05,
              39.76
            ],
            [
              -8.98,
              40.16
            ],
            [
              -8.77,
              40.76
            ],
            [
              -8.79,
              41.18
            ],
            [
              -8.99,
              41.54
            ],
            [
              -9.03,
              41.88
            ]
          ]
        ]
      }
    },
    {
      "type": "Feature",
      "properties": {
        "name": "Moldavië",
        "name_nl": "Moldavië",
        "name_en": "Moldova",
        "type": "country"
      },
      "geometry": {
        "type": "Polygon",
        "coordinates": [
          [
            [
              26.62,
              48.22
            ],
            [
              26.86,
              48.37
            ],
            [
              27.52,
              48.47
            ],
            [
              28.26,
              48.16
            ],
            [
              28.67,
              48.12
            ],
            [
              29.12,
              47.85
            ],
            [
              29.05,
              47.51
            ],
            [
              29.42,
              47.35
            ],
            [
              29.56,
              46.93
            ],
            [
              29.91,
              46.67
            ],
            [
              29.84,
              46.53
            ],
            [
              30.02,
              46.42
            ],
            [
              29.76,
              46.35
            ],
            [
              29.17,
              46.38
            ],
            [
              29.07,
              46.52
            ],
            [
              28.86,
              46.44
            ],
            [
              28.93,
              46.26
            ],
            [
              28.66,
              45.94
            ],
            [
              28.49,
              45.6
            ],
            [
              28.23,
              45.49
            ],
            [
              28.05,
              45.94
            ],
            [
              28.16,
              46.37
            ],
            [
              28.13,
              46.81
            ],
            [
              27.55,
              47.41
            ],
            [
              27.23,
              47.83
            ],
            [
              26.92,
              48.12
            ],
            [
              26.62,
              48.22
            ]
          ]
        ]
      }
    },
    {
      "type": "Feature",
      "properties": {
        "name": "IJsland",
        "name_nl": "IJsland",
        "name_en": "Iceland",
        "type": "country"
      },
      "geometry": {
        "type": "Polygon",
        "coordinates": [
          [
            [
              -14.51,
              66.46
            ],
            [
              -14.74,
              65.81
            ],
            [
              -13.61,
              65.13
            ],
            [
              -14.91,
              64.36
            ],
            [
              -17.79,
              63.68
            ],
            [
              -18.66,
              63.5
            ],
            [
              -19.97,
              63.64
            ],
            [
              -22.76,
              63.96
            ],
            [
              -21.78,
              64.4
            ],
            [
              -23.96,
              64.89
            ],
            [
              -22.18,
              65.08
            ],
            [
              -22.23,
              65.38
            ],
            [
              -24.33,
              65.61
            ],
            [
              -23.65,
              66.26
            ],
            [
              -22.13,
              66.41
            ],
            [
              -20.58,
              65.73
            ],
            [
              -19.06,
              66.28
            ],
            [
              -17.8,
              65.99
            ],
            [
              -16.17,
              66.53
            ],
            [
              -14.51,
              66.46
            ]
          ]
        ]
      }
    },
    {
      "type": "Feature",
      "properties": {
        "name": "Amsterdam",
        "region": "Nederland",
        "type": "city"
      },
      "geometry": {
        "type": "Point",
        "coordinates": [
          4.9,
          52.37
        ]
      }
    },
    {
      "type": "Feature",
      "properties": {
        "name": "Brussel",
        "region": "België",
        "type": "city"
      },
      "geometry": {
        "type": "Point",
        "coordinates": [
          4.35,
          50.85
        ]
      }
    },
    {
      "type": "Feature",
      "properties": {
        "name": "Luxemburg",
        "region": "Luxemburg",
        "type": "city"
      },
      "geometry": {
        "type": "Point",
        "coordinates": [
          6.13,
          49.61
        ]
      }
    },
    {
      "type": "Feature",
      "properties": {
        "name": "Oslo",
        "region": "Noorwegen",
        "type": "city"
      },
      "geometry": {
        "type": "Point",
        "coordinates": [
          10.75,
          59.91
        ]
      }
    },
    {
      "type": "Feature",
      "properties": {
        "name": "Stockholm",
        "region": "Zweden",
        "type": "city"
      },
      "geometry": {
        "type": "Point",
        "coordinates": [
          18.07,
          59.33
        ]
      }
    },
    {
      "type": "Feature",
      "properties": {
        "name": "Moskou",
        "region": "Rusland",
        "type": "city"
      },
      "geometry": {
        "type": "Point",
        "coordinates": [
          37.62,
          55.76
        ]
      }
    },
    {
      "type": "Feature",
      "properties": {
        "name": "Londen",
        "region": "Verenigd Koninkrijk",
        "type": "city"
      },
      "geometry": {
        "type": "Point",
        "coordinates": [
          -0.13,
          51.51
        ]
      }
    },
    {
      "type": "Feature",
      "properties": {
        "name": "Parijs",
        "region": "Frankrijk",
        "type": "city"
      },
      "geometry": {
        "type": "Point",
        "coordinates": [
          2.35,
          48.86
        ]
      }
    },
    {
      "type": "Feature",
      "properties": {
        "name": "Bern",
        "region": "Zwitserland",
        "type": "city"
      },
      "geometry": {
        "type": "Point",
        "coordinates": [
          7.45,
          46.95
        ]
      }
    },
    {
      "type": "Feature",
      "properties": {
        "name": "Wenen",
        "region": "Oostenrijk",
        "type": "city"
      },
      "geometry": {
        "type": "Point",
        "coordinates": [
          16.37,
          48.21
        ]
      }
    },
    {
      "type": "Feature",
      "properties": {
        "name": "Berlijn",
        "region": "Duitsland",
        "type": "city"
      },
      "geometry": {
        "type": "Point",
        "coordinates": [
          13.4,
          52.52
        ]
      }
    },
    {
      "type": "Feature",
      "properties": {
        "name": "Warschau",
        "region": "Polen",
        "type": "city"
      },
      "geometry": {
        "type": "Point",
        "coordinates": [
          21.01,
          52.23
        ]
      }
    },
    {
      "type": "Feature",
      "properties": {
        "name": "Rome",
        "region": "Italië",
        "type": "city"
      },
      "geometry": {
        "type": "Point",
        "coordinates": [
          12.5,
          41.9
        ]
      }
    },
    {
      "type": "Feature",
      "properties": {
        "name": "Madrid",
        "region": "Spanje",
        "type": "city"
      },
      "geometry": {
        "type": "Point",
        "coordinates": [
          -3.7,
          40.42
        ]
      }
    },
    {
      "type": "Feature",
      "properties": {
        "name": "Schelde",
        "type": "river"
      },
      "geometry": {
        "type": "LineString",
        "coordinates": [
          [
            3.25,
            50.0
          ],
          [
            3.35,
            50.45
          ],
          [
            3.72,
            51.05
          ],
          [
            4.4,
            51.22
          ],
          [
            4.1,
            51.38
          ],
          [
            3.6,
            51.44
          ]
        ]
      }
    },
    {
      "type": "Feature",
      "properties": {
        "name": "Volga",
        "type": "river"
      },
      "geometry": {
        "type": "LineString",
        "coordinates": [
          [
            32.47,
            57.25
          ],
          [
            35.9,
            56.86
          ],
          [
            39.87,
            57.63
          ],
          [
            44.0,
            56.33
          ],
          [
            49.1,
            55.79
          ],
          [
            50.1,
            53.2
          ],
          [
            46.0,
            51.5
          ],
          [
            44.5,
            48.7
          ],
          [
            48.0,
            46.3
          ]
        ]
      }
    },
    {
      "type": "Feature",
      "properties": {
        "name": "Thames",
        "type": "river"
      },
      "geometry": {
        "type": "LineString",
        "coordinates": [
          [
            -2.0,
            51.69
          ],
          [
            -1.25,
            51.75
          ],
          [
            -0.97,
            51.46
          ],
          [
            -0.5,
            51.45
          ],
          [
            -0.12,
            51.5
          ],
          [
            0.7,
            51.5
          ]
        ]
      }
    },
    {
      "type": "Feature",
      "properties": {
        "name": "Seine",
        "type": "river"
      },
      "geometry": {
        "type": "LineString",
        "coordinates": [
          [
            4.7,
            47.5
          ],
          [
            4.08,
            48.3
          ],
          [
            2.68,
            48.4
          ],
          [
            2.35,
            48.85
          ],
          [
            1.1,
            49.44
          ],
          [
            0.1,
            49.48
          ]
        ]
      }
    },
    {
      "type": "Feature",
      "properties": {
        "name": "Rhône",
        "type": "river"
      },
      "geometry": {
        "type": "LineString",
        "coordinates": [
          [
            8.38,
            46.56
          ],
          [
            6.85,
            46.4
          ],
          [
            6.14,
            46.2
          ],
          [
            4.84,
            45.76
          ],
          [
            4.84,
            44.93
          ],
          [
            4.8,
            43.95
          ],
          [
            4.63,
            43.68
          ],
          [
            4.84,
            43.33
          ]
        ]
      }
    },
    {
      "type": "Feature",
      "properties": {
        "name": "Donau",
        "type": "river"
      },
      "geometry": {
        "type": "LineString",
        "coordinates": [
          [
            8.18,
            48.09
          ],
          [
            10.0,
            48.4
          ],
          [
            12.1,
            49.0
          ],
          [
            14.3,
            48.3
          ],
          [
            16.37,
            48.2
          ],
          [
            17.1,
            48.14
          ],
          [
            19.04,
            47.5
          ],
          [
            19.8,
            45.25
          ],
          [
            20.45,
            44.82
          ],
          [
            22.6,
            44.6
          ],
          [
            24.8,
            43.7
          ],
          [
            28.0,
            44.3
          ],
          [
            28.7,
            45.2
          ],
          [
            29.6,
            45.3
          ]
        ]
      }
    },
    {
      "type": "Feature",
      "properties": {
        "name": "Alpen",
        "type": "mountain"
      },
      "geometry": {
        "type": "Polygon",
        "coordinates": [
          [
            [
              5.5,
              44.2
            ],
            [
              6.5,
              45.6
            ],
            [
              7.5,
              46.2
            ],
            [
              9.5,
              47.0
            ],
            [
              12.0,
              47.5
            ],
            [
              14.5,
              47.6
            ],
            [
              15.5,
              47.2
            ],
            [
              15.0,
              46.5
            ],
            [
              13.0,
              46.2
            ],
            [
              10.5,
              45.8
            ],
            [
              7.5,
              45.0
            ],
            [
              5.5,
              44.2
            ]
          ]
        ]
      }
    },
    {
      "type": "Feature",
      "properties": {
        "name": "Pyreneeën",
        "type": "mountain"
      },
      "geometry": {
        "type": "Polygon",
        "coordinates": [
          [
            [
              -1.8,
              43.4
            ],
            [
              0.5,
              42.9
            ],
            [
              3.2,
              42.5
            ],
            [
              3.0,
              42.2
            ],
            [
              0.5,
              42.4
            ],
            [
              -1.8,
              43.1
            ],
            [
              -1.8,
              43.4
            ]
          ]
        ]
      }
    },
    {
      "type": "Feature",
      "properties": {
        "name": "Oeral",
        "type": "mountain"
      },
      "geometry": {
        "type": "Polygon",
        "coordinates": [
          [
            [
              62.0,
              68.0
            ],
            [
              60.0,
              63.0
            ],
            [
              59.0,
              58.0
            ],
            [
              57.0,
              52.0
            ],
            [
              55.5,
              52.0
            ],
            [
              57.5,
              58.0
            ],
            [
              58.5,
              63.0
            ],
            [
              60.5,
              68.0
            ],
            [
              62.0,
              68.0
            ]
          ]
        ]
      }
    },
    {
      "type": "Feature",
      "properties": {
        "name": "Kaukasus",
        "type": "mountain"
      },
      "geometry": {
        "type": "Polygon",
        "coordinates": [
          [
            [
              37.0,
              45.0
            ],
            [
              42.0,
              43.5
            ],
            [
              47.5,
              41.5
            ],
            [
              49.8,
              40.5
            ],
            [
              48.5,
              40.0
            ],
            [
              44.0,
              41.5
            ],
            [
              40.0,
              43.0
            ],
            [
              37.0,
              45.0
            ]
          ]
        ]
      }
    },
    {
      "type": "Feature",
      "properties": {
        "name": "Oostzee",
        "type": "sea"
      },
      "geometry": {
        "type": "Polygon",
        "coordinates": [
          [
            [
              10.5,
              54.5
            ],
            [
              14.0,
              54.0
            ],
            [
              19.0,
              54.5
            ],
            [
              24.5,
              56.5
            ],
            [
              29.0,
              60.0
            ],
            [
              25.0,
              60.5
            ],
            [
              23.0,
              65.5
            ],
            [
              18.0,
              63.0
            ],
            [
              18.0,
              59.0
            ],
            [
              12.5,
              56.0
            ],
            [
              10.5,
              54.5
            ]
          ]
        ]
      }
    },
    {
      "type": "Feature",
      "properties": {
        "name": "Noordzee",
        "type": "sea"
      },
      "geometry": {
        "type": "Polygon",
        "coordinates": [
          [
            [
              -2.5,
              52.0
            ],
            [
              1.0,
              51.2
            ],
            [
              3.5,
              51.5
            ],
            [
              8.0,
              54.0
            ],
            [
              8.5,
              57.5
            ],
            [
              5.0,
              61.0
            ],
            [
              -1.0,
              61.0
            ],
            [
              -2.0,
              57.0
            ],
            [
              -2.5,
              52.0
            ]
          ]
        ]
      }
    },
    {
      "type": "Feature",
      "properties": {
        "name": "Middellandse Zee",
        "type": "sea"
      },
      "geometry": {
        "type": "Polygon",
        "coordinates": [
          [
            [
              -5.0,
              36.0
            ],
            [
              5.0,
              42.5
            ],
            [
              14.0,
              41.0
            ],
            [
              19.0,
              40.0
            ],
            [
              24.0,
              38.0
            ],
            [
              34.0,
              35.0
            ],
            [
              34.0,
              31.5
            ],
            [
              20.0,
              32.0
            ],
            [
              10.0,
              36.0
            ],
            [
              -1.0,
              35.5
            ],
            [
              -5.0,
              36.0
            ]
          ]
        ]
      }
    },
    {
      "type": "Feature",
      "properties": {
        "name": "Straat van Gibraltar",
        "type": "strait"
      },
      "geometry": {
        "type": "Polygon",
        "coordinates": [
          [
            [
              -5.8,
              35.85
            ],
            [
              -3,
              35.95
            ],
            [
              -3,
              36.15
            ],
            [
              -5.8,
              36.05
            ],
            [
              -5.8,
              35.85
            ]
          ]
        ]
      }
    }
  ]
}